furnizor,brand,cod_decor,cod_normalizat,denumire,structura,grosime_mm,dimensiuni,pret_ron,pret_mp_ron,stoc,tip,categorie,pricing_mode
Darel,Egger,W908 SM 16 MM,W908SM16MM,Alb Creta Semimat,SM,16,,264.59,,,produs,pal-melaminat-culori-uni,PER_SHEET
Darel,Egger,W960 SM,W960SM,Alb Clasic Neted,SM,16,,269.88,,,produs,pal-melaminat-culori-uni,PER_SHEET
Darel,Egger,W960 ST7,W960ST7,Alb Clasic,ST7,,,269.88,,,produs,pal-melaminat-culori-uni,PER_SHEET
Darel,Egger,W960 ST7 - 10MM,W960ST710MM,Alb Clasic,ST7,10,,269.88,,,produs,pal-melaminat-culori-uni,PER_SHEET
Darel,Egger,W960 SM neted,W960SMNETED,Alb Clasic Neted,SM,,,269.88,,,produs,pal-melaminat-culori-uni,PER_SHEET
Darel,Egger,U963 ST9,U963ST9,Gri Diamant,ST9,,,319.57,,,produs,pal-melaminat-culori-uni,PER_SHEET
Darel,Egger,U702 ST9,U702ST9,Gri Casmir,ST9,,,319.57,,,produs,pal-melaminat-culori-uni,PER_SHEET
Darel,Egger,U222 ST9,U222ST9,Bej Crem,ST9,,,319.57,,,produs,pal-melaminat-culori-uni,PER_SHEET
Darel,Egger,W1000 ST9,W1000ST9,Alb Premium,ST9,,,319.57,,,produs,pal-melaminat-culori-uni,PER_SHEET
Darel,Egger,U999 ST7,U999ST7,Negru,ST7,,,336.39,,,produs,pal-melaminat-culori-uni,PER_SHEET
Darel,Egger,U515 ST9,U515ST9,Albastru Frantuzesc,ST9,,,360.0,,,produs,pal-melaminat-culori-uni,PER_SHEET
Darel,Egger,U961 ST7,U961ST7,Gri Grafit,ST7,,,369.37,,,produs,pal-melaminat-culori-uni,PER_SHEET
Darel,Egger,U104 ST9,U104ST9,Alabastru Alb,ST9,,,369.37,,,produs,pal-melaminat-culori-uni,PER_SHEET
Darel,Egger,U708 ST9,U708ST9,Gri Deschis,ST9,,,369.37,,,produs,pal-melaminat-culori-uni,PER_SHEET
Darel,Egger,U600 ST9,U600ST9,Verde Mai,ST9,,,370.0,,,produs,pal-melaminat-culori-uni,PER_SHEET
Darel,Egger,U732 ST9,U732ST9,Gri Praf,ST9,,,384.16,,,produs,pal-melaminat-culori-uni,PER_SHEET
Darel,Egger,U775 ST9,U775ST9,Gri Alb,ST9,,,384.16,,,produs,pal-melaminat-culori-uni,PER_SHEET
Darel,Egger,U156 ST9,U156ST9,Bej Nisip,ST9,,,384.16,,,produs,pal-melaminat-culori-uni,PER_SHEET
Darel,Egger,U216 ST9,U216ST9,Camel Bej,ST9,,,384.16,,,produs,pal-melaminat-culori-uni,PER_SHEET
Darel,Egger,U763 ST9,U763ST9,Gri Sidef,ST9,,,384.16,,,produs,pal-melaminat-culori-uni,PER_SHEET
Darel,Egger,U113 ST9,U113ST9,Bej Bumbac,ST9,,,384.16,,,produs,pal-melaminat-culori-uni,PER_SHEET
Darel,Egger,U899 ST9,U899ST9,Negru Fin,ST9,,,404.71,,,produs,pal-melaminat-culori-uni,PER_SHEET
Darel,Egger,U220 ST9,U220ST9,Bej Fin,ST9,,,404.71,,,produs,pal-melaminat-culori-uni,PER_SHEET
Darel,Egger,U748 ST9,U748ST9,Maro Trufa,ST9,,,404.71,,,produs,pal-melaminat-culori-uni,PER_SHEET
Darel,Egger,U740 ST9,U740ST9,Gri Inchis,ST9,,,404.71,,,produs,pal-melaminat-culori-uni,PER_SHEET
Darel,Egger,U707 ST9,U707ST9,Gri Matase,ST9,,,404.71,,,produs,pal-melaminat-culori-uni,PER_SHEET
Darel,Egger,U727 ST9,U727ST9,Gri Piatra,ST9,,,404.71,,,produs,pal-melaminat-culori-uni,PER_SHEET
Darel,Egger,U115 ST9,U115ST9,Bej Carat,ST9,,,404.71,,,produs,pal-melaminat-culori-uni,PER_SHEET
Darel,Egger,U750 ST9,U750ST9,Gri Taupe,ST9,,,404.71,,,produs,pal-melaminat-culori-uni,PER_SHEET
Darel,Egger,U960 ST9,U960ST9,Gri Onix,ST9,,,404.71,,,produs,pal-melaminat-culori-uni,PER_SHEET
Darel,Egger,U755 ST9,U755ST9,Gri Havana,ST9,,,404.71,,,produs,pal-melaminat-culori-uni,PER_SHEET
Darel,Egger,U968 ST9,U968ST9,Gri Carbune,ST9,,,404.71,,,produs,pal-melaminat-culori-uni,PER_SHEET
Darel,Egger,U788 ST9,U788ST9,Gri Artic,ST9,,,404.71,,,produs,pal-melaminat-culori-uni,PER_SHEET
Darel,Egger,U741 ST9,U741ST9,Gri Lava,ST9,,,404.71,,,produs,pal-melaminat-culori-uni,PER_SHEET
Darel,Egger,U780 ST9,U780ST9,Gri Monument,ST9,,,404.71,,,produs,pal-melaminat-culori-uni,PER_SHEET
Darel,Egger,U705 ST9,U705ST9,Gri Angora,ST9,,,404.71,,,produs,pal-melaminat-culori-uni,PER_SHEET
Darel,Egger,W1100 ST9,W1100ST9,Alb Alpin,ST9,,,404.71,,,produs,pal-melaminat-culori-uni,PER_SHEET
Darel,Egger,U767 ST9,U767ST9,Gri Cubanit,ST9,,,404.71,,,produs,pal-melaminat-culori-uni,PER_SHEET
Darel,Egger,W1200 ST9,W1200ST9,Alb Portelan,ST9,,,404.71,,,produs,pal-melaminat-culori-uni,PER_SHEET
Darel,Egger,U201 ST9,U201ST9,Gri Pietris,ST9,,,404.71,,,produs,pal-melaminat-culori-uni,PER_SHEET
Darel,Egger,U311 ST9,U311ST9,Rosu Burgund,ST9,,,449.82,,,produs,pal-melaminat-culori-uni,PER_SHEET
Darel,Egger,U669 ST9,U669ST9,Verde Cedru,ST9,,,449.82,,,produs,pal-melaminat-culori-uni,PER_SHEET
Darel,Egger,U321 ST9,U321ST9,Rosu China,ST9,,,449.82,,,produs,pal-melaminat-culori-uni,PER_SHEET
Darel,Egger,U504 ST9,U504ST9,Albastru Tirolez,ST9,,,449.82,,,produs,pal-melaminat-culori-uni,PER_SHEET
Darel,Egger,U525 ST9,U525ST9,Albastru Delft,ST9,,,449.82,,,produs,pal-melaminat-culori-uni,PER_SHEET
Darel,Egger,U211 ST9,U211ST9,Bej Migdala,ST9,,,449.82,,,produs,pal-melaminat-culori-uni,PER_SHEET
Darel,Egger,U250 ST9,U250ST9,Bej Caramel,ST9,,,449.82,,,produs,pal-melaminat-culori-uni,PER_SHEET
Darel,Egger,U325 ST9,U325ST9,Rose Antic,ST9,,,449.82,,,produs,pal-melaminat-culori-uni,PER_SHEET
Darel,Egger,U630 ST9,U630ST9,Verde Lamaie,ST9,,,449.82,,,produs,pal-melaminat-culori-uni,PER_SHEET
Darel,Egger,U540 ST9,U540ST9,Albastru Denim,ST9,,,449.82,,,produs,pal-melaminat-culori-uni,PER_SHEET
Darel,Egger,U323 ST9,U323ST9,Rosu Aprins,ST9,,,460.17,,,produs,pal-melaminat-culori-uni,PER_SHEET
Darel,Egger,U665 ST9,U665ST9,Verde Piatra,ST9,,,506.33,,,produs,pal-melaminat-culori-uni,PER_SHEET
Darel,Egger,U830 ST9,U830ST9,Caramel Nude,ST9,,,506.33,,,produs,pal-melaminat-culori-uni,PER_SHEET
Darel,Egger,U335 ST9,U335ST9,Rosu Ruginiu,ST9,,,506.33,,,produs,pal-melaminat-culori-uni,PER_SHEET
Darel,Egger,U636 ST9,U636ST9,Verde Fjord,ST9,,,506.33,,,produs,pal-melaminat-culori-uni,PER_SHEET
Darel,Egger,U999 ST19,U999ST19,Negru,ST19,,,506.33,,,produs,pal-melaminat-culori-uni,PER_SHEET
Darel,Egger,U125 ST9,U125ST9,Galben Nisip,ST9,,,506.33,,,produs,pal-melaminat-culori-uni,PER_SHEET
Darel,Egger,U599 ST9,U599ST9,Albastru Indigo,ST9,,,506.33,,,produs,pal-melaminat-culori-uni,PER_SHEET
Darel,Egger,U699 ST9,U699ST9,Verde Brad,ST9,,,506.33,,,produs,pal-melaminat-culori-uni,PER_SHEET
Darel,Egger,U818 ST9,U818ST9,Maro Inchis,ST9,,,506.33,,,produs,pal-melaminat-culori-uni,PER_SHEET
Darel,Egger,U350 ST9,U350ST9,Portocaliu Siena,ST9,,,506.33,,,produs,pal-melaminat-culori-uni,PER_SHEET
Darel,Egger,U638 ST9,U638ST9,Verde Salvie,ST9,,,506.33,,,produs,pal-melaminat-culori-uni,PER_SHEET
Darel,Egger,U163 ST9,U163ST9,Galben Curry,ST9,,,506.33,,,produs,pal-melaminat-culori-uni,PER_SHEET
Darel,Egger,U604 ST9,U604ST9,Verde Eucalipt,ST9,,,506.33,,,produs,pal-melaminat-culori-uni,PER_SHEET
Darel,Egger,U502 ST9,U502ST9,Albastru Gri,ST9,,,506.33,,,produs,pal-melaminat-culori-uni,PER_SHEET
Darel,Egger,U998 ST38,U998ST38,Negru Fumuriu,ST38,,,656.3,,,produs,pal-melaminat-culori-uni,PER_SHEET
Darel,Egger,H1123 ST22,H1123ST22,Graphitwood,ST22,,,305.0,,,produs,pal-melaminat-decor-lemn,PER_SHEET
Darel,Egger,H3131 ST12,H3131ST12,Stejar Davos Natur,ST12,,,339.96,,,produs,pal-melaminat-decor-lemn,PER_SHEET
Darel,Egger,H1401 ST22,H1401ST22,Pin Cascina,ST22,,,339.96,,,produs,pal-melaminat-decor-lemn,PER_SHEET
Darel,Egger,H1318 ST10,H1318ST10,Stejar Salbatic Natur,ST10,,,339.98,,,produs,pal-melaminat-decor-lemn,PER_SHEET
Darel,Egger,H1145 ST10,H1145ST10,Stejar Bardolino Natur,ST10,,,369.37,,,produs,pal-melaminat-decor-lemn,PER_SHEET
Darel,Egger,H1732 ST9,H1732ST9,Mesteacan Nisip,ST9,,,369.37,,,produs,pal-melaminat-decor-lemn,PER_SHEET
Darel,Egger,H3734 ST9,H3734ST9,Nuc Dijon Natur,ST9,,,369.37,,,produs,pal-melaminat-decor-lemn,PER_SHEET
Darel,Egger,H1910 ST9,H1910ST9,Fag Willow,ST9,,,369.37,,,produs,pal-melaminat-decor-lemn,PER_SHEET
Darel,Egger,H3043 ST12,H3043ST12,Eucalipt Maro Inchis,ST12,,,369.37,,,produs,pal-melaminat-decor-lemn,PER_SHEET
Darel,Egger,H1151 ST10,H1151ST10,Stejar Arizona Maro,ST10,,,377.0,,,produs,pal-melaminat-decor-lemn,PER_SHEET
Darel,Egger,H1277 ST9,H1277ST9,Salcam Lakeland deschis,ST9,,,384.16,,,produs,pal-melaminat-decor-lemn,PER_SHEET
Darel,Egger,H3395 ST12,H3395ST12,Stejar Corbridge Natur,ST12,,,384.16,,,produs,pal-melaminat-decor-lemn,PER_SHEET
Darel,Egger,H3840 ST9,H3840ST9,Artar Mandal Natur,ST9,,,384.16,,,produs,pal-melaminat-decor-lemn,PER_SHEET
Darel,Egger,H1253 ST19,H1253ST19,Branson Robinia Maro Trufa,ST19,,,395.0,,,produs,pal-melaminat-decor-lemn,PER_SHEET
Darel,Egger,H3433 ST22,H3433ST22,Pin Aland Polar,ST22,,,404.71,,,produs,pal-melaminat-decor-lemn,PER_SHEET
Darel,Egger,H3303 ST10,H3303ST10,Stejar Hamilton Natur,ST10,,,404.71,,,produs,pal-melaminat-decor-lemn,PER_SHEET
Darel,Egger,H3860 ST9,H3860ST9,Artar Dur Champagne,ST9,,,404.71,,,produs,pal-melaminat-decor-lemn,PER_SHEET
Darel,Egger,H1708 ST17,H1708ST17,Castan Brighton,ST17,,,404.71,,,produs,pal-melaminat-decor-lemn,PER_SHEET
Darel,Egger,H3133 ST12,H3133ST12,Stejar Davos Maro Trufa,ST12,,,404.71,,,produs,pal-melaminat-decor-lemn,PER_SHEET
Darel,Egger,H1225 ST12,H1225ST12,Frasin Trondheim,ST12,,,404.71,,,produs,pal-melaminat-decor-lemn,PER_SHEET
Darel,Egger,H3157 ST12,H3157ST12,Stejar Vicenza,ST12,,,404.71,,,produs,pal-melaminat-decor-lemn,PER_SHEET
Darel,Egger,H3700 ST10,H3700ST10,Nuc Pacific Natur,ST10,,,404.71,,,produs,pal-melaminat-decor-lemn,PER_SHEET
Darel,Egger,H3450 ST22,H3450ST22,Fleetwood Alb,ST22,,,404.71,,,produs,pal-melaminat-decor-lemn,PER_SHEET
Darel,Egger,H1636 ST12,H1636ST12,Cires Locarno,ST12,,,404.71,,,produs,pal-melaminat-decor-lemn,PER_SHEET
Darel,Egger,H3322 ST17,H3322ST17,Stejar Rovato natur deschis,ST17,,,404.71,,,produs,pal-melaminat-decor-lemn,PER_SHEET
Darel,Egger,H1715 ST12,H1715ST12,Nuc Panora,ST12,,,404.71,,,produs,pal-melaminat-decor-lemn,PER_SHEET
Darel,Egger,H3430 ST22,H3430ST22,Pin Aland Alb,ST22,,,404.71,,,produs,pal-melaminat-decor-lemn,PER_SHEET
Darel,Egger,H1487 ST22,H1487ST22,Pin Bramberg,ST22,,,404.71,,,produs,pal-melaminat-decor-lemn,PER_SHEET
Darel,Egger,H1316 ST17,H1316ST17,Stejar Bookmatch,ST17,,,404.71,,,produs,pal-melaminat-decor-lemn,PER_SHEET
Darel,Egger,H1199 ST12,H1199ST12,Stejar Thermo Negru - Brun,ST12,,,404.71,,,produs,pal-melaminat-decor-lemn,PER_SHEET
Darel,Egger,H1113 ST10,H1113ST10,Stejar Kansas Brun,ST10,,,404.71,,,produs,pal-melaminat-decor-lemn,PER_SHEET
Darel,Egger,H3702 ST10,H3702ST10,Nuc Pacific Tabac,ST10,,,404.71,,,produs,pal-melaminat-decor-lemn,PER_SHEET
Darel,Egger,H3156 ST12,H3156ST12,Stejar Cordbridge Gri,ST12,,,404.71,,,produs,pal-melaminat-decor-lemn,PER_SHEET
Darel,Egger,H3012 ST22,H3012ST22,Coco Bolo Natur,ST22,,,404.71,,,produs,pal-melaminat-decor-lemn,PER_SHEET
Darel,Egger,H7586 ST17,H7586ST17,Nuc Alba Tabac,ST17,,,404.71,,,produs,pal-melaminat-decor-lemn,PER_SHEET
Darel,Egger,H3398 ST12,H3398ST12,Stejar Kendal Cognac,ST12,,,404.71,,,produs,pal-melaminat-decor-lemn,PER_SHEET
Darel,Egger,H3003 ST19,H3003ST19,Stejar Norwich,ST19,,,440.0,,,produs,pal-melaminat-decor-lemn,PER_SHEET
Darel,Egger,H1303 ST12,H1303ST12,Stejar Belmont Maro,ST12,,,449.82,,,produs,pal-melaminat-decor-lemn,PER_SHEET
Darel,Egger,H3730 ST10,H3730ST10,Hicori Natur,ST10,,,449.82,,,produs,pal-melaminat-decor-lemn,PER_SHEET
Darel,Egger,H1362 ST12,H1362ST12,Stejar Baronia deschis,ST12,,,449.82,,,produs,pal-melaminat-decor-lemn,PER_SHEET
Darel,Egger,H3170 ST12,H3170ST12,Stejar Kendal Natur,ST12,,,449.82,,,produs,pal-melaminat-decor-lemn,PER_SHEET
Darel,Egger,H3331 ST10,H3331ST10,Stejar Nebraska Natur,ST10,,,449.82,,,produs,pal-melaminat-decor-lemn,PER_SHEET
Darel,Egger,H3710 ST12,H3710ST12,Nuc Carini Natur,ST12,,,449.82,,,produs,pal-melaminat-decor-lemn,PER_SHEET
Darel,Egger,H1312 ST10,H1312ST10,Stejar Whiteriver Nisip,ST10,,,506.33,,,produs,pal-melaminat-decor-lemn,PER_SHEET
Darel,Egger,H305 ST12,H305ST12,Stejar Tonsberg Natur,ST12,,,506.33,,,produs,pal-melaminat-decor-lemn,PER_SHEET
Darel,Egger,H1330 ST10,H1330ST10,Stejar Santa Fe Vintage,ST10,,,506.33,,,produs,pal-melaminat-decor-lemn,PER_SHEET
Darel,Egger,H1313 ST10,H1313ST10,Stejar Whiteriver Gri Maro,ST10,,,506.33,,,produs,pal-melaminat-decor-lemn,PER_SHEET
Darel,Egger,H2033 ST10,H2033ST10,Stejar Hunton Inchis,ST10,,,506.33,,,produs,pal-melaminat-decor-lemn,PER_SHEET
Darel,Egger,W1000 ST19,W1000ST19,Alb Premium,ST19,,,506.33,,,produs,pal-melaminat-decor-lemn,PER_SHEET
Darel,Egger,H309 ST12,H309ST12,Stejar Tonsberg Maro,ST12,,,506.33,,,produs,pal-melaminat-decor-lemn,PER_SHEET
Darel,Egger,H1710 ST10,H1710ST10,Castan Kentucky Nisip,ST10,,,506.33,,,produs,pal-melaminat-decor-lemn,PER_SHEET
Darel,Egger,H1399 ST10,H1399ST10,Stejar Denver Maro Trufa,ST10,,,506.33,,,produs,pal-melaminat-decor-lemn,PER_SHEET
Darel,Egger,H1242 ST10,H1242ST10,Salcâm Sheffield Natur,ST10,,,506.33,,,produs,pal-melaminat-decor-lemn,PER_SHEET
Darel,Egger,H1223 ST19,H1223ST19,Frasin Sevilla,ST19,,,534.0,,,produs,pal-melaminat-decor-lemn,PER_SHEET
Darel,Egger,H3197 ST19,H3197ST19,Fineline Gri Mediu,ST19,,,534.0,,,produs,pal-melaminat-decor-lemn,PER_SHEET
Darel,Egger,H1714 ST19,H1714ST19,Nuc Lincoln,ST19,,,534.0,,,produs,pal-melaminat-decor-lemn,PER_SHEET
Darel,Egger,H3152 ST19,H3152ST19,Stejar Vicenza decolorat,ST19,,,534.0,,,produs,pal-melaminat-decor-lemn,PER_SHEET
Darel,Egger,H3787 ST19,H3787ST19,Bolivar Wood maro,ST19,,,534.0,,,produs,pal-melaminat-decor-lemn,PER_SHEET
Darel,Egger,H1307 ST19,H1307ST19,Nuc Warmia Maro,ST19,,,534.0,,,produs,pal-melaminat-decor-lemn,PER_SHEET
Darel,Egger,H3146 ST19,H3146ST19,Stejar Lorenzo Gri Bej,ST19,,,534.0,,,produs,pal-melaminat-decor-lemn,PER_SHEET
Darel,Egger,H3198 ST19,H3198ST19,Fineline Gri Închis,ST19,,,534.0,,,produs,pal-melaminat-decor-lemn,PER_SHEET
Darel,Egger,H3195 ST19,H3195ST19,Fineline Alb,ST19,,,534.0,,,produs,pal-melaminat-decor-lemn,PER_SHEET
Darel,Egger,H3178 ST37,H3178ST37,Stejar Halifax Negru Satinat,ST37,,,555.0,,,produs,pal-melaminat-decor-lemn,PER_SHEET
Darel,Egger,H1345 ST32,H1345ST32,Stejar Sherman Gri,ST32,,,555.0,,,produs,pal-melaminat-decor-lemn,PER_SHEET
Darel,Egger,H3326 ST28,H3326ST28,Stejar Gladstone Gri Bej,ST28,,,595.0,,,produs,pal-melaminat-decor-lemn,PER_SHEET
Darel,Egger,H1250 ST36,H1250ST36,Frasin Navarra,ST36,,,656.3,,,produs,pal-melaminat-decor-lemn,PER_SHEET
Darel,Egger,H3154 ST36,H3154ST36,Stejar Charlestone Maro Inchis,ST36,,,656.3,,,produs,pal-melaminat-decor-lemn,PER_SHEET
Darel,Egger,H1142 ST36,H1142ST36,Stejar Sacramento Maro,ST36,,,656.3,,,produs,pal-melaminat-decor-lemn,PER_SHEET
Darel,Egger,W1000 ST38,W1000ST38,Alb Premium,ST38,,,656.3,,,produs,pal-melaminat-decor-lemn,PER_SHEET
Darel,Egger,H1181 ST37,H1181ST37,Stejar Halifax Tabac,ST37,,,750.17,,,produs,pal-melaminat-decor-lemn,PER_SHEET
Darel,Egger,H1344 ST32,H1344ST32,Stejar Sherman Maro Cognac,ST32,,,750.17,,,produs,pal-melaminat-decor-lemn,PER_SHEET
Darel,Egger,H1386 ST40,H1386ST40,Stejar Casella Maro,ST40,,,750.17,,,produs,pal-melaminat-decor-lemn,PER_SHEET
Darel,Egger,H1346 ST32,H1346ST32,Stejar Sherman Antracit,ST32,,,750.17,,,produs,pal-melaminat-decor-lemn,PER_SHEET
Darel,Egger,H1367 ST40,H1367ST40,Stejar Casella Natur deschis,ST40,,,750.17,,,produs,pal-melaminat-decor-lemn,PER_SHEET
Darel,Egger,H1176 ST37,H1176ST37,Stejar Halifax Alb,ST37,,,750.17,,,produs,pal-melaminat-decor-lemn,PER_SHEET
Darel,Egger,H3317 ST28,H3317ST28,Stejar Cuneo Maro,ST28,,,750.17,,,produs,pal-melaminat-decor-lemn,PER_SHEET
Darel,Egger,H3309 ST28,H3309ST28,Stejar Gladstone Nisip,ST28,,,750.17,,,produs,pal-melaminat-decor-lemn,PER_SHEET
Darel,Egger,H1180 ST37,H1180ST37,Stejar Halifax Natur,ST37,,,750.17,,,produs,pal-melaminat-decor-lemn,PER_SHEET
Darel,Egger,H1385 ST40,H1385ST40,Stejar Casella Natur,ST40,,,750.17,,,produs,pal-melaminat-decor-lemn,PER_SHEET
Darel,Egger,H3176 ST37,H3176ST37,Stejar Halifax Cositor,ST37,,,750.17,,,produs,pal-melaminat-decor-lemn,PER_SHEET
Darel,Egger,H3359 ST32,H3359ST32,Stejar Davenport natur deschis,ST32,,,750.17,,,produs,pal-melaminat-decor-lemn,PER_SHEET
Darel,Egger,H3325 ST28,H3325ST28,Stejar Gladstone Tabac,ST28,,,750.17,,,produs,pal-melaminat-decor-lemn,PER_SHEET
Darel,Egger,F416 ST10,F416ST10,Pal melaminat Textil Bej,ST10,,,339.96,,,produs,pal-melaminat-decor-fantezie,PER_SHEET
Darel,Egger,F501 ST2,F501ST2,Pal melaminat Aluminiu Periat,ST2,,,390.0,,,produs,pal-melaminat-decor-fantezie,PER_SHEET
Darel,Egger,F765 ST20,F765ST20,Pal melaminat Gri Argintiu Periat,ST20,,,404.71,,,produs,pal-melaminat-decor-fantezie,PER_SHEET
Darel,Egger,F433 ST10,F433ST10,Pal melaminat In Antracit,ST10,,,506.33,,,produs,pal-melaminat-decor-fantezie,PER_SHEET
Darel,Egger,F685 ST10,F685ST10,Pal melaminat Acapulco,ST10,,,506.33,,,produs,pal-melaminat-decor-fantezie,PER_SHEET
Darel,Egger,F187 ST9,F187ST9,Pal melaminat Beton Chicago Gri Inchis,ST9,,,506.33,,,produs,pal-melaminat-decor-fantezie,PER_SHEET
Darel,Egger,F206 ST9,F206ST9,Pal melaminat Pietra Grigia Negru,ST9,,,506.33,,,produs,pal-melaminat-decor-fantezie,PER_SHEET
Darel,Egger,F800 ST9,F800ST9,Pal melaminat Marmură Crystal,ST9,,,506.33,,,produs,pal-melaminat-decor-fantezie,PER_SHEET
Darel,Egger,F186 ST9,F186ST9,Pal melaminat Beton Chicago Gri Deschis,ST9,,,506.33,,,produs,pal-melaminat-decor-fantezie,PER_SHEET
Darel,Egger,F235 ST76,F235ST76,Pal melaminat Ardezie Scivaro,ST76,,,534.0,,,produs,pal-melaminat-decor-fantezie,PER_SHEET
Darel,Egger,F528 ST20,F528ST20,Pal melaminat Metal Periat Bronz,ST20,,,534.0,,,produs,pal-melaminat-decor-fantezie,PER_SHEET
Darel,Egger,F243 ST76,F243ST76,Pal melaminat Marmură Candela gri deschis,ST76,,,534.0,,,produs,pal-melaminat-decor-fantezie,PER_SHEET
Darel,Egger,F323 ST76,F323ST76,Pal melaminat Cobra Bronz,ST76,,,534.0,,,produs,pal-melaminat-decor-fantezie,PER_SHEET
Darel,Egger,U702 TM9,U702TM9,U702 TM9 Pal melaminat PerfectSense,TM9 Matt,,,545.0,,,produs,pal-perfectsense-matt,PER_SHEET
Darel,Egger,U604 TM9,U604TM9,U604 TM9 Pal melaminat PerfectSense,TM9 Matt,,,545.0,,,produs,pal-perfectsense-matt,PER_SHEET
Darel,Egger,U399 TM9,U399TM9,U399 TM9 Pal melaminat PerfectSense,TM9 Matt,,,545.0,,,produs,pal-perfectsense-matt,PER_SHEET
Darel,Egger,U740 TM9,U740TM9,U740 TM9 Pal melaminat PerfectSense,TM9 Matt,,,598.0,,,produs,pal-perfectsense-matt,PER_SHEET
Darel,Egger,U968 TM9,U968TM9,U968 TM9 Pal melaminat PerfectSense,TM9 Matt,,,598.0,,,produs,pal-perfectsense-matt,PER_SHEET
Darel,Egger,U750 TM9,U750TM9,U750 TM9 Pal melaminat PerfectSense,TM9 Matt,,,598.0,,,produs,pal-perfectsense-matt,PER_SHEET
Darel,Egger,U960 TM9,U960TM9,U960 TM9 Pal melaminat PerfectSense,TM9 Matt,,,598.0,,,produs,pal-perfectsense-matt,PER_SHEET
Darel,Egger,W1000 TM9,W1000TM9,W1000 TM9 Pal melaminat PerfectSense,TM9 Matt,,,598.0,,,produs,pal-perfectsense-matt,PER_SHEET
Darel,Egger,U201 TM9,U201TM9,U201 TM9 Pal melaminat PerfectSense,TM9 Matt,,,598.0,,,produs,pal-perfectsense-matt,PER_SHEET
Darel,Egger,U999 TM9,U999TM9,U999 TM9 Pal melaminat PerfectSense,TM9 Matt,,,598.0,,,produs,pal-perfectsense-matt,PER_SHEET
Darel,Egger,H1227 TM12,H1227TM12,H1227 TM12 Pal melaminat PerfectSense,TM12 Feelwood,,,735.68,,,produs,pal-perfectsense-feelwood,PER_SHEET
Darel,Egger,H3041 TM12,H3041TM12,H3041 TM12 Pal melaminat PerfectSense,TM12 Feelwood,,,735.68,,,produs,pal-perfectsense-feelwood,PER_SHEET
Darel,Egger,H3180 TM37,H3180TM37,H3180 TM37 Pal melaminat PerfectSense,TM37 Feelwood,,,961.95,,,produs,pal-perfectsense-feelwood,PER_SHEET
Darel,Egger,U999 TM28,U999TM28,U999 TM28 Pal melaminat PerfectSense,TM28 Feelwood,,,961.95,,,produs,pal-perfectsense-feelwood,PER_SHEET
Darel,Egger,H3311 TM28,H3311TM28,H3311 TM28 Pal melaminat PerfectSense,TM28 Feelwood,,,961.95,,,produs,pal-perfectsense-feelwood,PER_SHEET
Darel,MDF laminat (generic),601 HG,601HG,Mdf Alb HG,lucios,,,305.04,,,produs,mdf-lucios-culori-uni,PER_SHEET
Darel,MDF laminat (generic),878 HG,878HG,Mdf Capucino Inchis HG,lucios,,,370.61,,,produs,mdf-lucios-culori-uni,PER_SHEET
Darel,MDF laminat (generic),623 HG,623HG,Mdf Capucino HG,lucios,,,370.61,,,produs,mdf-lucios-culori-uni,PER_SHEET
Darel,MDF laminat (generic),605 HG,605HG,Mdf Crem HG,lucios,,,370.61,,,produs,mdf-lucios-culori-uni,PER_SHEET
Darel,MDF laminat (generic),6008 HG,6008HG,MDF Gri Deluxe HG,lucios,,,370.61,,,produs,mdf-lucios-culori-uni,PER_SHEET
Darel,MDF laminat (generic),647 HG,647HG,Mdf Bianco HG,lucios,,,370.61,,,produs,mdf-lucios-culori-uni,PER_SHEET
Darel,MDF laminat (generic),6002 HG,6002HG,Mdf Negru HG,lucios,,,370.61,,,produs,mdf-lucios-culori-uni,PER_SHEET
Darel,MDF laminat (generic),6017 HG,6017HG,MDF Gri HG,lucios,,,370.61,,,produs,mdf-lucios-culori-uni,PER_SHEET
Darel,MDF laminat (generic),728 ST,728ST,MDF Gri ST,mat,,,370.61,,,produs,mdf-mat-culori-uni,PER_SHEET
Darel,MDF laminat (generic),734 ST,734ST,MDF Alb ST,mat,,,370.61,,,produs,mdf-mat-culori-uni,PER_SHEET
Darel,MDF laminat (generic),729 ST,729ST,MDF Gri deschis ST,mat,,,370.61,,,produs,mdf-mat-culori-uni,PER_SHEET
Darel,MDF laminat (generic),730 ST,730ST,MDF Crem ST,mat,,,370.61,,,produs,mdf-mat-culori-uni,PER_SHEET
Darel,MDF laminat (generic),736 ST,736ST,MDF Albastru Ocean ST,mat,,,370.61,,,produs,mdf-mat-culori-uni,PER_SHEET
Darel,MDF laminat (generic),723 ST,723ST,MDF Negru ST,mat,,,370.61,,,produs,mdf-mat-culori-uni,PER_SHEET
Darel,MDF laminat (generic),732 ST,732ST,MDF Cappuccino ST,mat,,,370.61,,,produs,mdf-mat-culori-uni,PER_SHEET
Darel,MDF laminat (generic),726 ST,726ST,MDF Gri inchis ST,mat,,,370.61,,,produs,mdf-mat-culori-uni,PER_SHEET
Darel,MDF laminat (generic),735 ST,735ST,MDF Verde relax ST,mat,,,370.61,,,produs,mdf-mat-culori-uni,PER_SHEET
Darel,MDF laminat (generic),MDF 3011,MDF3011,MDF Albastru Londra,supra mat,,,594.88,,Disponibil la comanda,produs,mdf-supra-mat-culori-uni,PER_SHEET
Darel,MDF laminat (generic),MDF 3021,MDF3021,MDF Gri Gheata,supra mat,,,594.88,,Disponibil la comanda,produs,mdf-supra-mat-culori-uni,PER_SHEET
Darel,MDF laminat (generic),MDF 3012,MDF3012,MDF Snow White,supra mat,,,594.88,,Disponibil la comanda,produs,mdf-supra-mat-culori-uni,PER_SHEET
Darel,MDF laminat (generic),MDF 3013,MDF3013,MDF Breeze Beige,supra mat,,,594.88,,Disponibil la comanda,produs,mdf-supra-mat-culori-uni,PER_SHEET
Darel,MDF laminat (generic),MDF 3019,MDF3019,MDF Crem Sahara,supra mat,,,594.88,,Disponibil la comanda,produs,mdf-supra-mat-culori-uni,PER_SHEET
Darel,MDF laminat (generic),MDF 3029,MDF3029,MDF Albastru Pacific,supra mat,,,594.88,,Disponibil la comanda,produs,mdf-supra-mat-culori-uni,PER_SHEET
Darel,MDF laminat (generic),MDF 3025,MDF3025,MDF BITTER,supra mat,,,594.88,,Disponibil la comanda,produs,mdf-supra-mat-culori-uni,PER_SHEET
Darel,MDF laminat (generic),MDF 3014,MDF3014,MDF Gri Noros,supra mat,,,594.88,,Disponibil la comanda,produs,mdf-supra-mat-culori-uni,PER_SHEET
Darel,MDF laminat (generic),MDF 3024,MDF3024,MDF Gri Pebble,supra mat,,,594.88,,Disponibil la comanda,produs,mdf-supra-mat-culori-uni,PER_SHEET
Darel,MDF laminat (generic),MDF 3017,MDF3017,MDF GRI Timeless,supra mat,,,594.88,,Disponibil la comanda,produs,mdf-supra-mat-culori-uni,PER_SHEET
Darel,MDF laminat (generic),MDF 3018,MDF3018,MDF Moonlight,supra mat,,,594.88,,Disponibil la comanda,produs,mdf-supra-mat-culori-uni,PER_SHEET
Darel,MDF laminat (generic),MDF 3020,MDF3020,MDF Gri Safari,supra mat,,,594.88,,Disponibil la comanda,produs,mdf-supra-mat-culori-uni,PER_SHEET
Darel,MDF laminat (generic),MDF 3010,MDF3010,MDF Negru Perla,supra mat,,,594.88,,Disponibil la comanda,produs,mdf-supra-mat-culori-uni,PER_SHEET
Darel,MDF laminat (generic),MDF 3028,MDF3028,MDF Alb Perla,supra mat,,,594.88,,Disponibil la comanda,produs,mdf-supra-mat-culori-uni,PER_SHEET
Darel,MDF laminat (generic),MDF 3015,MDF3015,MDF Verde Macaron,supra mat,,,594.88,,Disponibil la comanda,produs,mdf-supra-mat-culori-uni,PER_SHEET
Darel,MDF laminat (generic),MDF 3027,MDF3027,MDF Verde Padure,supra mat,,,594.88,,Disponibil la comanda,produs,mdf-supra-mat-culori-uni,PER_SHEET
Darel,MDF laminat (generic),MDF 3023,MDF3023,MDF GRI Delfin,supra mat,,,594.88,,Disponibil la comanda,produs,mdf-supra-mat-culori-uni,PER_SHEET
Darel,MDF laminat (generic),MDF 3022,MDF3022,MDF Royal Grey,supra mat,,,594.88,,Disponibil la comanda,produs,mdf-supra-mat-culori-uni,PER_SHEET
Darel,MDF laminat (generic),627 HG,627HG,Mdf Nuc Milano HG,lucios,,,471.34,,,produs,mdf-lucios-decor-lemn,PER_SHEET
Darel,MDF laminat (generic),388 ST,388ST,MDF Lemn Deschis ST,mat,,,479.89,,,produs,mdf-mat-decor-lemn,PER_SHEET
Darel,MDF laminat (generic),397 ST,397ST,MDF Stejar Natural ST,mat,,,479.89,,,produs,mdf-mat-decor-lemn,PER_SHEET
Darel,MDF laminat (generic),6007 HG,6007HG,MDF Efes Alb HG,lucios,,,471.34,,,produs,mdf-lucios-decor-fantezie,PER_SHEET
Darel,MDF laminat (generic),MDF 6019,MDF6019,MDF Marmura Neagra Lucios,lucios,,,471.34,,,produs,mdf-lucios-decor-fantezie,PER_SHEET
Darel,MDF laminat (generic),MDF 6018,MDF6018,MDF Marmura Alba Lucios,lucios,,,471.34,,,produs,mdf-lucios-decor-fantezie,PER_SHEET
Darel,MDF laminat (generic),670 HG,670HG,MDF Galaxy Alb HG,lucios,,,479.89,,,produs,mdf-lucios-decor-fantezie,PER_SHEET
Darel,MDF laminat (generic),678 HG,678HG,MDF Galaxy Crem HG,lucios,,,479.89,,,produs,mdf-lucios-decor-fantezie,PER_SHEET
Darel,MDF laminat (generic),608 HG,608HG,MDF Gri Metalic HG,lucios,,,479.89,,,produs,mdf-lucios-decor-fantezie,PER_SHEET
Darel,MDF laminat (generic),699 HG,699HG,MDF Alb Metalic HG,lucios,,,479.89,,,produs,mdf-lucios-decor-fantezie,PER_SHEET
Darel,MDF laminat (generic),640 HG,640HG,Mdf Galaxy Miere HG,lucios,,,479.89,,,produs,mdf-lucios-decor-fantezie,PER_SHEET
Darel,MDF laminat (generic),6006 HG,6006HG,MDF Efes Negru HG,lucios,,,479.89,,,produs,mdf-lucios-decor-fantezie,PER_SHEET
Darel,MDF laminat (generic),390 ST,390ST,MDF Piatra gri ST,mat,,,370.61,,,produs,mdf-mat-decor-fantezie,PER_SHEET
Darel,MDF laminat (generic),391 ST,391ST,MDF Piatra bej ST,mat,,,370.61,,,produs,mdf-mat-decor-fantezie,PER_SHEET
Darel,MDF laminat (generic),MDF 3032,MDF3032,MDF Stone Loft,mat,,,471.34,,,produs,mdf-mat-decor-fantezie,PER_SHEET
Darel,MDF laminat (generic),384 ST,384ST,MDF Casmir Auriu ST,mat,,,479.89,,,produs,mdf-mat-decor-fantezie,PER_SHEET
Darel,MDF laminat (generic),383 ST,383ST,MDF Casmir Alb ST,mat,,,479.89,,,produs,mdf-mat-decor-fantezie,PER_SHEET
Darel,MDF laminat (generic),MDF 3033,MDF3033,MDF Galaxy Grey,mat,,,479.89,,,produs,mdf-mat-decor-fantezie,PER_SHEET
Darel,MDF laminat (generic),385 ST,385ST,MDF Casmir Crem ST,mat,,,479.89,,,produs,mdf-mat-decor-fantezie,PER_SHEET
Darel,MDF laminat (generic),387 ST,387ST,MDF Casmir Gri ST,mat,,,479.89,,,produs,mdf-mat-decor-fantezie,PER_SHEET
Darel,MDF laminat (generic),3006 HG,3006HG,MDF Alb Galaxy Mat HG,mat,,,479.89,,,produs,mdf-mat-decor-fantezie,PER_SHEET
Darel,Egger,U104 PG,U104PG,Alabastru Lucios,Premium Gloss,,,660.0,,,produs,mdf-egger-perfect-sense,PER_SHEET
Darel,Egger,W1100 PM,W1100PM,Alpin Alb,Premium Matt,,,1101.1,,,produs,mdf-egger-perfect-sense,PER_SHEET
Darel,Egger,U399 PM,U399PM,Rosu Garnet,Premium Matt,,,1101.1,,,produs,mdf-egger-perfect-sense,PER_SHEET
Darel,Egger,U999 PM,U999PM,Negru,Premium Matt,,,1101.1,,,produs,mdf-egger-perfect-sense,PER_SHEET
Darel,Egger,U961 PM,U961PM,Gri grafit,Premium Matt,,,1101.1,,,produs,mdf-egger-perfect-sense,PER_SHEET
Darel,Egger,U604 PM,U604PM,Verde eucalipt,Premium Matt,,,1101.1,,,produs,mdf-egger-perfect-sense,PER_SHEET
Darel,Egger,U708 PM,U708PM,Gri Deschis,Premium Matt,,,1101.1,,,produs,mdf-egger-perfect-sense,PER_SHEET
Darel,Egger,U665 PM,U665PM,Verde piatra,Premium Matt,,,1101.1,,,produs,mdf-egger-perfect-sense,PER_SHEET
Darel,Egger,U732 PM,U732PM,Gri Inchis,Premium Matt,,,1101.1,,,produs,mdf-egger-perfect-sense,PER_SHEET
Darel,Egger,U767 PM,U767PM,Gri cubanit,Premium Matt,,,1101.1,,,produs,mdf-egger-perfect-sense,PER_SHEET
Darel,Egger,U705 PM,U705PM,Gri Angora,Premium Matt,,,1101.1,,,produs,mdf-egger-perfect-sense,PER_SHEET
Darel,Egger,U702 PM,U702PM,Casmir,Premium Matt,,,1101.1,,,produs,mdf-egger-perfect-sense,PER_SHEET
Darel,Egger,U599 PM,U599PM,Albastru indigo,Premium Matt,,,1101.1,,,produs,mdf-egger-perfect-sense,PER_SHEET
Darel,Egger,U669 PM,U669PM,Verde cedru,Premium Matt,,,1101.1,,,produs,mdf-egger-perfect-sense,PER_SHEET
Darel,Egger,F129 PA,F129PA,Granit Ambiance bej,Premium,,,1180.0,,,produs,mdf-egger-perfect-sense,PER_SHEET
Darel,Egger,F128 PA,F128PA,Granit Ambiance negru,Premium,,,1180.0,,,produs,mdf-egger-perfect-sense,PER_SHEET
Trady,Evogloss,,,Gri Soft Mat,supermat,18,2800x1220x18 mm,574.75,168.25,,produs,trady-panouri-evogloss,PER_SHEET
Trady,Evogloss,,,Inox,,18,2800x1220x18 mm,574.75,168.25,,produs,trady-panouri-evogloss,PER_SHEET
Trady,Evogloss,,,Light Grey,,18,2800x1220x18 mm,452.54,132.48,,produs,trady-panouri-evogloss,PER_SHEET
Trady,Evogloss,,,Grey ML Soft Mat,supermat,18,2800x1220x18 mm,452.54,132.48,,produs,trady-panouri-evogloss,PER_SHEET
Trady,Evogloss,,,Blue PVC Soft Mat,supermat,18,2800x1220x18 mm,452.54,132.48,,produs,trady-panouri-evogloss,PER_SHEET
Trady,Evogloss,,,Blue Soft Mat,supermat,18,2800x1220x18 mm,452.54,132.48,,produs,trady-panouri-evogloss,PER_SHEET
Trady,Evogloss,,,Menta Soft Mat,supermat,18,2800x1220x18 mm,452.54,132.48,,produs,trady-panouri-evogloss,PER_SHEET
Trady,Evogloss,,,Mink Soft Mat,supermat,18,2800x1220x18 mm,452.54,132.48,,produs,trady-panouri-evogloss,PER_SHEET
Trady,Evogloss,,,New Gray Soft Mat,supermat,18,2800x1220x18 mm,452.54,132.48,,produs,trady-panouri-evogloss,PER_SHEET
Trady,Evogloss,,,Gri Soft Mat,supermat,18,2800x1220x18 mm,452.54,132.48,,produs,trady-panouri-evogloss,PER_SHEET
Trady,Evogloss,,,Gri Inchis Soft Mat,supermat,18,2800x1220x18 mm,452.54,132.48,,produs,trady-panouri-evogloss,PER_SHEET
Trady,Evogloss,,,HG Rosu,lucios,18,2800x1220x18 mm,452.54,132.48,,produs,trady-panouri-evogloss,PER_SHEET
Trady,Evogloss,,,HG Auriu Periat,lucios,18,2800x1220x18 mm,574.75,168.25,,produs,trady-panouri-evogloss,PER_SHEET
Trady,Evogloss,,,Negru Soft Mat,supermat,18,2800x1220x18 mm,452.54,132.48,,produs,trady-panouri-evogloss,PER_SHEET
Trady,Evogloss,,,Gri Ciment Mat,mat,18,2800x1220x18 mm,574.75,168.25,,produs,trady-panouri-evogloss,PER_SHEET
Trady,Evogloss,,,HG Galaxy Auriu,lucios,18,2800x1220x18 mm,574.75,168.25,,produs,trady-panouri-evogloss,PER_SHEET
Trady,Evogloss,,,HG Antracit,lucios,18,2800x1220x18 mm,452.54,132.48,,produs,trady-panouri-evogloss,PER_SHEET
Trady,Evogloss,,,HG Antracit Galaxy Metalic,lucios,18,2800x1220x18 mm,574.75,168.25,,produs,trady-panouri-evogloss,PER_SHEET
Trady,Evogloss,,,HG Alb Galaxy,lucios,18,2800x1220x18 mm,574.75,168.25,,produs,trady-panouri-evogloss,PER_SHEET
Trady,Evogloss,,,Crem Soft Mat,supermat,18,2800x1220x18 mm,452.54,132.48,,produs,trady-panouri-evogloss,PER_SHEET
Trady,Evogloss,,,HG Alb,lucios,18,2800x1220x18 mm,452.54,132.48,,produs,trady-panouri-evogloss,PER_SHEET
Trady,Evogloss,,,Alb Soft Mat,supermat,18,2800x1220x18 mm,452.54,132.48,,produs,trady-panouri-evogloss,PER_SHEET
Trady,AGT,,,Supramat Sonara 2-fete,supermat,18,2800x1220x18 mm,688.98,201.69,,produs,trady-panouri-agt,PER_SHEET
Trady,AGT,,,Supramat Victoria Grey 2-fete,supermat,18,2800x1220x18 mm,688.98,201.69,,produs,trady-panouri-agt,PER_SHEET
Trady,AGT,,,Supramat Tobac 1 fata,supermat,18,2800x1220x18 mm,560.27,164.01,,produs,trady-panouri-agt,PER_SHEET
Trady,AGT,,,Supramat Sky Blue 1 fata,supermat,18,2800x1220x18 mm,560.27,164.01,,produs,trady-panouri-agt,PER_SHEET
Trady,AGT,,,Supramat Havana Coffe,supermat,18,2800x1220x18 mm,688.98,201.69,,produs,trady-panouri-agt,PER_SHEET
Trady,AGT,,,Supramat Olive Green 2-fete,supermat,18,2800x1220x18 mm,688.98,201.69,,produs,trady-panouri-agt,PER_SHEET
Trady,AGT,,,Supramat Linden 2-fete,supermat,18,2800x1220x18 mm,688.98,201.69,,produs,trady-panouri-agt,PER_SHEET
Trady,AGT,,,Stone Vision,,18,2800x1220x18 mm,638.14,186.81,,produs,trady-panouri-agt,PER_SHEET
Trady,AGT,3771,3771,Riflaj,,12,2800x121x12 mm,,,,produs,trady-panouri-agt,PER_SHEET
Trady,AGT,3783,3783,Riflaj,,12,2800x158x12 mm,,,,produs,trady-panouri-agt,PER_SHEET
Trady,AGT,3786,3786,Riflaj,,12,2800x195x12 mm,,,,produs,trady-panouri-agt,PER_SHEET
Trady,AGT,2250,2250,Riflaj,,12,2800x115x12 mm,,,,produs,trady-panouri-agt,PER_SHEET
Trady,AGT,3821,3821,Riflaj,,18,2800x128x18 mm,,,,produs,trady-panouri-agt,PER_SHEET
Trady,AGT,6500,6500,Riflaj,,18,2800x165x18 mm,,,,produs,trady-panouri-agt,PER_SHEET
Trady,AGT,2200,2200,Riflaj,,18,2800x100x18 mm,,,,produs,trady-panouri-agt,PER_SHEET
Trady,AGT,,,Alb Tokyo,,18,2800x1220x18 mm,638.14,186.81,,produs,trady-panouri-agt,PER_SHEET
Trady,AGT,,,Stejar Lemnos Mat,mat,18,2800x1220x18 mm,452.54,132.48,,produs,trady-panouri-agt,PER_SHEET
Trady,AGT,,,Stejar Clasic Mat,mat,18,2800x1220x18 mm,452.54,132.48,,produs,trady-panouri-agt,PER_SHEET
Trady,AGT,,,Spectrum Deschis,,18,2800x1220x18 mm,638.14,186.81,,produs,trady-panouri-agt,PER_SHEET
Trady,AGT,,,Spectrum Inchis,,18,2800x1220x18 mm,638.14,186.81,,produs,trady-panouri-agt,PER_SHEET
Trady,AGT,,,Spectrum Albastru,,18,2800x1220x18 mm,638.14,186.81,,produs,trady-panouri-agt,PER_SHEET
Trady,AGT,,,Spectrum Rose,,18,2800x1220x18 mm,638.14,186.81,,produs,trady-panouri-agt,PER_SHEET
Trady,AGT,,,Stejar Alaska Mat,mat,18,2800x1220x18 mm,452.54,132.48,,produs,trady-panouri-agt,PER_SHEET
Trady,AGT,,,Stejar Akra Mat,mat,18,2800x1220x18 mm,452.54,132.48,,produs,trady-panouri-agt,PER_SHEET
Trady,AGT,,,Slate Bej 3P,,18,2800x1220x18 mm,1029.68,301.43,,produs,trady-panouri-agt,PER_SHEET
Trady,AGT,,,Gri Bej Soft,supermat,18,2800x1220x18 mm,452.54,132.48,,produs,trady-panouri-agt,PER_SHEET
Trady,AGT,,,Crem Deschis Mat,mat,18,2800x1220x18 mm,497.15,145.54,,produs,trady-panouri-agt,PER_SHEET
Trady,AGT,,,HG Gri Deschis,lucios,18,2800x1220x18 mm,497.15,145.54,,produs,trady-panouri-agt,PER_SHEET
Trady,AGT,,,Mat Gri Deschis,mat,18,2800x1220x18 mm,497.15,145.54,,produs,trady-panouri-agt,PER_SHEET
Trady,AGT,,,Mat Gri Studio,mat,18,2800x1220x18 mm,497.15,145.54,,produs,trady-panouri-agt,PER_SHEET
Trady,AGT,,,HG Gri Onix,lucios,18,2800x1220x18 mm,497.15,145.54,,produs,trady-panouri-agt,PER_SHEET
Trady,AGT,,,HG Gri Diamant,lucios,18,2800x1220x18 mm,497.15,145.54,,produs,trady-panouri-agt,PER_SHEET
Trady,AGT,,,Lut Soft,supermat,18,2800x1220x18 mm,452.54,132.48,,produs,trady-panouri-agt,PER_SHEET
Trady,AGT,,,Gri Cashmere Mat,mat,18,2800x1220x18 mm,559.98,163.93,,produs,trady-panouri-agt,PER_SHEET
Trady,AGT,,,Auriu Cashmere Mat,mat,18,2800x1220x18 mm,559.98,163.93,,produs,trady-panouri-agt,PER_SHEET
Trady,AGT,,,HG Nuc Milano,lucios,18,2800x1220x18 mm,497.15,145.54,,produs,trady-panouri-agt,PER_SHEET
Trady,AGT,,,Gri Inchis Soft,supermat,18,2800x1220x18 mm,452.54,132.48,,produs,trady-panouri-agt,PER_SHEET
Trady,AGT,,,Gri Piatra Mat,mat,18,2800x1220x18 mm,452.54,132.48,,produs,trady-panouri-agt,PER_SHEET
Trady,AGT,,,Bej Piatra Mat,mat,18,2800x1220x18 mm,452.54,132.48,,produs,trady-panouri-agt,PER_SHEET
Trady,AGT,,,Alb Soft,supermat,18,2800x1220x18 mm,452.54,132.48,,produs,trady-panouri-agt,PER_SHEET
Trady,AGT,,,Cream Cashmere Mat,mat,18,2800x1220x18 mm,559.98,163.93,,produs,trady-panouri-agt,PER_SHEET
Trady,AGT,,,Alb Cashmere Mat,mat,18,2800x1220x18 mm,559.98,163.93,,produs,trady-panouri-agt,PER_SHEET
Trady,AGT,,,HG Galaxy Capucino,lucios,18,2800x1220x18 mm,559.98,163.93,,produs,trady-panouri-agt,PER_SHEET
Trady,AGT,,,Lemn Negru 3D Mat,mat,18,2800x1220x18 mm,560.23,164.0,,produs,trady-panouri-agt,PER_SHEET
Trady,AGT,,,HG Alb Metalic,lucios,18,2800x1220x18 mm,560.23,164.0,,produs,trady-panouri-agt,PER_SHEET
Trady,AGT,,,Verde Soft Mat,supermat,18,2800x1220x18 mm,452.54,132.48,,produs,trady-panouri-agt,PER_SHEET
Trady,AGT,,,Negru Soft,supermat,18,2800x1220x18 mm,452.54,132.48,,produs,trady-panouri-agt,PER_SHEET
Trady,AGT,,,Albastru Marin Soft,supermat,18,2800x1220x18 mm,452.54,132.48,,produs,trady-panouri-agt,PER_SHEET
Trady,AGT,878,878,HG Vizon,lucios,18,2800x1220x18 mm,452.54,132.48,,produs,trady-panouri-agt,PER_SHEET
Trady,AGT,,,Vizon Soft,supermat,18,2800x1220x18 mm,452.54,132.48,,produs,trady-panouri-agt,PER_SHEET
Trady,AGT,,,Gri Soft,supermat,18,2800x1220x18 mm,452.54,132.48,,produs,trady-panouri-agt,PER_SHEET
Trady,AGT,,,Gri Piatra Soft,supermat,18,2800x1220x18 mm,452.54,132.48,,produs,trady-panouri-agt,PER_SHEET
Trady,AGT,,,HG Negru,lucios,18,2800x1220x18 mm,452.54,132.48,,produs,trady-panouri-agt,PER_SHEET
Trady,AGT,,,HG Cream,lucios,18,2800x1220x18 mm,452.54,132.48,,produs,trady-panouri-agt,PER_SHEET
Trady,AGT,,,HG Alb,lucios,18,2800x1220x18 mm,452.54,132.48,,produs,trady-panouri-agt,PER_SHEET
Trady,AGT,,,Cream Soft,supermat,18,2800x1220x18 mm,452.54,132.48,,produs,trady-panouri-agt,PER_SHEET
Trady,AGT,,,Stejar Natural Mat,mat,18,2800x1220x18 mm,559.98,163.93,,produs,trady-panouri-agt,PER_SHEET
Trady,AGT,,,Galaxy Alb Mat,mat,18,2800x1220x18 mm,559.98,163.93,,produs,trady-panouri-agt,PER_SHEET
Trady,AGT,,,HG Deluxe Grey,lucios,18,2800x1220x18 mm,452.54,132.48,,produs,trady-panouri-agt,PER_SHEET
Trady,AGT,,,Lemn Siena Soft,supermat,18,2800x1220x18 mm,559.98,163.93,,produs,trady-panouri-agt,PER_SHEET
Trady,Gizir,,,ACRYLIC MAT VERDE PRAFUIT,mat,18,2800x1220x18 mm,688.98,201.69,,produs,trady-panouri-gizir,PER_SHEET
Trady,Gizir,,,ACRYLIC MAT TERACOTA,mat,18,2800x1220x18 mm,688.98,201.69,,produs,trady-panouri-gizir,PER_SHEET
Trady,Gizir,,,ACRYLIC MAT NEGRU,mat,18,2800x1220x18 mm,688.98,201.69,,produs,trady-panouri-gizir,PER_SHEET
Trady,Gizir,,,HG FAG ALB,high gloss,18,2800x1220x18 mm,497.7,145.7,,produs,trady-panouri-gizir,PER_SHEET
Trady,Gizir,,,HG NOUL ARTAR ALB,high gloss,18,2800x1220x18 mm,497.7,145.7,,produs,trady-panouri-gizir,PER_SHEET
Trady,Gizir,,,HG MARO GLOSS,high gloss,18,2800x1220x18 mm,559.97,163.93,,produs,trady-panouri-gizir,PER_SHEET
Trady,Gizir,,,NEGRU MAT,mat,18,2800x1220x18 mm,452.54,132.48,,produs,trady-panouri-gizir,PER_SHEET
Trady,Gizir,,,HG GRI METALIC,high gloss,18,2800x1220x18 mm,575.06,168.34,,produs,trady-panouri-gizir,PER_SHEET
Trady,Gizir,,,HG CREAM GLOSS,high gloss,18,2800x1220x18 mm,559.97,163.93,,produs,trady-panouri-gizir,PER_SHEET
Trady,Gizir,,,HG FUCHSIA,high gloss,18,2800x1220x18 mm,452.54,132.48,,produs,trady-panouri-gizir,PER_SHEET
Trady,Gizir,,,HG PARLIAMENT (ALBASTRU),high gloss,18,2800x1220x18 mm,452.54,132.48,,produs,trady-panouri-gizir,PER_SHEET
Trady,Gizir,,,HG MOV,high gloss,18,2800x1220x18 mm,452.54,132.48,,produs,trady-panouri-gizir,PER_SHEET
Trady,Gizir,,,HG BAMBUS,high gloss,18,2800x1220x18 mm,497.7,145.7,,produs,trady-panouri-gizir,PER_SHEET
Trady,Gizir,,,GRI NOU MAT,mat,18,2800x1220x18 mm,452.54,132.48,,produs,trady-panouri-gizir,PER_SHEET
Trady,Gizir,,,VIZON MAT,mat,18,2800x1220x18 mm,452.54,132.48,,produs,trady-panouri-gizir,PER_SHEET
Trady,Gizir,,,NUC ITALIAN MAT,mat,18,2800x1220x18 mm,452.54,132.48,,produs,trady-panouri-gizir,PER_SHEET
Trady,Gizir,,,HG GRANIT,high gloss,18,2800x1220x18 mm,559.97,163.93,,produs,trady-panouri-gizir,PER_SHEET
Trady,Gizir,,,HG ANTIK LIGHT,high gloss,18,2800x1220x18 mm,497.7,145.7,,produs,trady-panouri-gizir,PER_SHEET
Trady,Gizir,,,CREAM MAT,mat,18,2800x1220x18 mm,452.54,132.48,,produs,trady-panouri-gizir,PER_SHEET
Trady,Gizir,,,ALB MAT,mat,18,2800x1220x18 mm,452.54,132.48,,produs,trady-panouri-gizir,PER_SHEET
Trady,Gizir,,,HG VIZON,high gloss,18,2800x1220x18 mm,452.54,132.48,,produs,trady-panouri-gizir,PER_SHEET
Trady,Gizir,,,HG CAFEA TERRA,high gloss,18,2800x1220x18 mm,497.7,145.7,,produs,trady-panouri-gizir,PER_SHEET
Trady,Gizir,,,HG IMPERIA,high gloss,18,2800x1220x18 mm,497.7,145.7,,produs,trady-panouri-gizir,PER_SHEET
Trady,Gizir,,,HG LARICE ALB,high gloss,18,2800x1220x18 mm,452.54,132.48,,produs,trady-panouri-gizir,PER_SHEET
Trady,Gizir,,,STEJAR INGHETAT MAT,mat,18,2800x1220x18 mm,452.54,132.48,,produs,trady-panouri-gizir,PER_SHEET
Trady,Gizir,,,COCO LINE MAT,mat,18,2800x1220x18 mm,452.54,132.48,,produs,trady-panouri-gizir,PER_SHEET
Trady,Gizir,,,ALUMINIU MAT,mat,18,2800x1220x18 mm,452.54,132.48,,produs,trady-panouri-gizir,PER_SHEET
Trady,Gizir,,,HG FRUNZA ALBA,high gloss,18,2800x1220x18 mm,559.97,163.93,,produs,trady-panouri-gizir,PER_SHEET
Trady,Gizir,,,HG NEW BIANCO,high gloss,18,2800x1220x18 mm,452.54,132.48,,produs,trady-panouri-gizir,PER_SHEET
Trady,Gizir,6182,6182,HG ALB GLOSS,high gloss,18,2800x1220x18 mm,559.97,163.93,,produs,trady-panouri-gizir,PER_SHEET
Trady,Gizir,,,HG PARABOLIC ALB,high gloss,18,2800x1220x18 mm,559.97,163.93,,produs,trady-panouri-gizir,PER_SHEET
Trady,Gizir,,,HG INOX,high gloss,18,2800x1220x18 mm,575.06,168.34,,produs,trady-panouri-gizir,PER_SHEET
Trady,Gizir,,,HG MARO,high gloss,18,2800x1220x18 mm,452.54,132.48,,produs,trady-panouri-gizir,PER_SHEET
Trady,Gizir,,,HG GALAXY ALB,high gloss,18,2800x1220x18 mm,559.97,163.93,,produs,trady-panouri-gizir,PER_SHEET
Trady,Gizir,,,HG ALB PERLA,high gloss,18,2800x1220x18 mm,559.97,163.93,,produs,trady-panouri-gizir,PER_SHEET
Trady,Gizir,,,HG MASLIN INCHIS,high gloss,18,2800x1220x18 mm,497.7,145.7,,produs,trady-panouri-gizir,PER_SHEET
Trady,Gizir,,,HG VIOLET,high gloss,18,2800x1220x18 mm,452.54,132.48,,produs,trady-panouri-gizir,PER_SHEET
Trady,Gizir,,,HG ALB GLOB,high gloss,18,2800x1220x18 mm,559.97,163.93,,produs,trady-panouri-gizir,PER_SHEET
Trady,Gizir,,,HG FLOARE ALBA,high gloss,18,2800x1220x18 mm,559.97,163.93,,produs,trady-panouri-gizir,PER_SHEET
Trady,Gizir,,,HG VERDE OLIVE,high gloss,18,2800x1220x18 mm,452.54,132.48,,produs,trady-panouri-gizir,PER_SHEET
Trady,Gizir,,,HG ORANGE,high gloss,18,2800x1220x18 mm,452.54,132.48,,produs,trady-panouri-gizir,PER_SHEET
Trady,Gizir,,,HG ANTRACIT,high gloss,18,2800x1220x18 mm,559.97,163.93,,produs,trady-panouri-gizir,PER_SHEET
Trady,Gizir,,,HG ROSU,high gloss,18,2800x1220x18 mm,452.54,132.48,,produs,trady-panouri-gizir,PER_SHEET
Trady,Gizir,,,HG BORDO,high gloss,18,2800x1220x18 mm,452.54,132.48,,produs,trady-panouri-gizir,PER_SHEET
Trady,Gizir,,,HG NEGRU,high gloss,18,2800x1220x18 mm,452.54,132.48,,produs,trady-panouri-gizir,PER_SHEET
Trady,Gizir,,,HG CAPUCINO,high gloss,18,2800x1220x18 mm,452.54,132.48,,produs,trady-panouri-gizir,PER_SHEET
Trady,Gizir,,,HG CREAM,high gloss,18,2800x1220x18 mm,452.54,132.48,,produs,trady-panouri-gizir,PER_SHEET
Trady,Gizir,,,HG ALB,high gloss,18,2800x1220x18 mm,452.54,132.48,,produs,trady-panouri-gizir,PER_SHEET
Trady,Gizir,,,NUC INCHIS MAT,mat,18,2800x1220x18 mm,452.54,132.48,,produs,trady-panouri-gizir,PER_SHEET
Trady,Gizir,,,CIRES NAPOLEON MAT,mat,18,2800x1220x18 mm,452.54,132.48,,produs,trady-panouri-gizir,PER_SHEET
Trady,Gizir,,,HG CAPUCINO PERLA,high gloss,18,2800x1220x18 mm,559.97,163.93,,produs,trady-panouri-gizir,PER_SHEET
Trady,Gizir,,,HG TERRA PANZA,high gloss,18,2800x1220x18 mm,575.06,168.34,,produs,trady-panouri-gizir,PER_SHEET
Trady,Gizir,,,HG CAPUCINO GLOSS,high gloss,18,2800x1220x18 mm,559.97,163.93,,produs,trady-panouri-gizir,PER_SHEET
Trady,Gizir,,,HG PERLA MATRIX,high gloss,18,2800x1220x18 mm,559.97,163.93,,produs,trady-panouri-gizir,PER_SHEET
Trady,Gizir,,,HG ROZ INCHIS,high gloss,18,2800x1220x18 mm,452.54,132.48,,produs,trady-panouri-gizir,PER_SHEET
Trady,Gizir,,,HG TURCOAZ,high gloss,18,2800x1220x18 mm,452.54,132.48,,produs,trady-panouri-gizir,PER_SHEET
Trady,Gizir,,,HG GALBEN,high gloss,18,2800x1220x18 mm,452.54,132.48,,produs,trady-panouri-gizir,PER_SHEET
Trady,Gizir,,,MOLID MAT,mat,18,2800x1220x18 mm,452.54,132.48,,produs,trady-panouri-gizir,PER_SHEET
Trady,Gizir,,,COCO MAT,mat,18,2800x1220x18 mm,452.54,132.48,,produs,trady-panouri-gizir,PER_SHEET
Trady,Gizir,,,NUC ANTICHIZAT MAT,mat,18,2800x1220x18 mm,452.54,132.48,,produs,trady-panouri-gizir,PER_SHEET
Trady,Gizir,,,HG GRI - ANTRACIT,high gloss,18,2800x1220x18 mm,452.54,132.48,,produs,trady-panouri-gizir,PER_SHEET
Trady,Gizir,,,ANTIQUE LIGHT MAT,mat,18,2800x1220x18 mm,452.54,132.48,,produs,trady-panouri-gizir,PER_SHEET
Trady,Gizir,,,GRI DESCHIS MAT,mat,18,2800x1220x18 mm,452.54,132.48,,produs,trady-panouri-gizir,PER_SHEET
Trady,Gizir,,,HG MODENA,high gloss,18,2800x1220x18 mm,497.7,145.7,,produs,trady-panouri-gizir,PER_SHEET
Trady,Gizir,,,VIZON NOU MAT,mat,18,2800x1220x18 mm,452.54,132.48,,produs,trady-panouri-gizir,PER_SHEET
Trady,Gizir,,,GRI INCHIS MAT,mat,18,2800x1220x18 mm,452.54,132.48,,produs,trady-panouri-gizir,PER_SHEET
Trady,Gizir,,,BEJ WELSH MAT,mat,18,2800x1220x18 mm,452.54,132.48,,produs,trady-panouri-gizir,PER_SHEET
Trady,Gizir,,,HG LINEN INCHIS,high gloss,18,2800x1220x18 mm,575.06,168.34,,produs,trady-panouri-gizir,PER_SHEET
Trady,Gizir,,,HG LINEN DESCHIS,high gloss,18,2800x1220x18 mm,575.06,168.34,,produs,trady-panouri-gizir,PER_SHEET
Trady,Gizir,,,HG LINEN ALB,high gloss,18,2800x1220x18 mm,575.06,168.34,,produs,trady-panouri-gizir,PER_SHEET
Trady,Yildiz,,,GRI DESCHIS MAT,mat,18,2800x1220x18 mm,371.07,108.63,,produs,trady-panouri-yildiz,PER_SHEET
Trady,Yildiz,,,BEJ SPANIOL MAT,mat,18,2800x1220x18 mm,371.07,108.63,,produs,trady-panouri-yildiz,PER_SHEET
Trady,Yildiz,,,PIELE BEJ MAT,mat,18,2800x1220x18 mm,371.07,108.63,,produs,trady-panouri-yildiz,PER_SHEET
Trady,Yildiz,,,NISIP BEJ MAT,mat,18,2800x1220x18 mm,371.07,108.63,,produs,trady-panouri-yildiz,PER_SHEET
Trady,Yildiz,,,MARMURA ALBA HG,high gloss,18,2800x1220x18 mm,463.01,135.54,,produs,trady-panouri-yildiz,PER_SHEET
Trady,Yildiz,,,BETON GRI MAT,mat,18,2800x1220x18 mm,412.59,120.78,,produs,trady-panouri-yildiz,PER_SHEET
Trady,Yildiz,,,LAVA HG (GRI),high gloss,18,2800x1220x18 mm,371.07,108.63,,produs,trady-panouri-yildiz,PER_SHEET
Trady,Yildiz,,,NEGRU MAT,mat,18,2800x1220x18 mm,371.07,108.63,,produs,trady-panouri-yildiz,PER_SHEET
Trady,Yildiz,,,GRI MAT,mat,18,2800x1220x18 mm,371.07,108.63,,produs,trady-panouri-yildiz,PER_SHEET
Trady,Yildiz,,,HG ALB CU VALURI,high gloss,18,2800x1220x18 mm,463.01,135.54,,produs,trady-panouri-yildiz,PER_SHEET
Trady,Yildiz,,,HG GRI GLOSS,high gloss,18,2800x1220x18 mm,463.01,135.54,,produs,trady-panouri-yildiz,PER_SHEET
Trady,Yildiz,,,HG ANTRACIT GLOSS,high gloss,18,2800x1220x18 mm,463.01,135.54,,produs,trady-panouri-yildiz,PER_SHEET
Trady,Yildiz,,,HG BIANCO,high gloss,18,2800x1220x18 mm,371.07,108.63,,produs,trady-panouri-yildiz,PER_SHEET
Trady,Yildiz,,,ALB MAT,mat,18,2800x1220x18 mm,371.07,108.63,,produs,trady-panouri-yildiz,PER_SHEET
Trady,Yildiz,,,HG FUME,high gloss,18,2800x1220x18 mm,371.07,108.63,,produs,trady-panouri-yildiz,PER_SHEET
Trady,Yildiz,,,HG CREAM GLOSS,high gloss,18,2800x1220x18 mm,463.01,135.54,,produs,trady-panouri-yildiz,PER_SHEET
Trady,Yildiz,,,HG GRI,high gloss,18,2800x1220x18 mm,371.07,108.63,,produs,trady-panouri-yildiz,PER_SHEET
Trady,Yildiz,,,HG BEJ LOFT,high gloss,18,2800x1220x18 mm,463.01,135.54,,produs,trady-panouri-yildiz,PER_SHEET
Trady,Yildiz,,,HG ALB GLOSS,high gloss,18,2800x1220x18 mm,463.01,135.54,,produs,trady-panouri-yildiz,PER_SHEET
Trady,Yildiz,,,HG CAPUCINO GLOSS,high gloss,18,2800x1220x18 mm,463.01,135.54,,produs,trady-panouri-yildiz,PER_SHEET
Trady,Yildiz,,,HG NEGRU,high gloss,18,2800x1220x18 mm,371.07,108.63,,produs,trady-panouri-yildiz,PER_SHEET
Trady,Yildiz,,,HG VIOLET,high gloss,18,2800x1220x18 mm,371.07,108.63,,produs,trady-panouri-yildiz,PER_SHEET
Trady,Yildiz,,,HG CREAM,high gloss,18,2800x1220x18 mm,371.07,108.63,,produs,trady-panouri-yildiz,PER_SHEET
Trady,Yildiz,,,HG CAPUCINO,high gloss,18,2800x1220x18 mm,371.07,108.63,,produs,trady-panouri-yildiz,PER_SHEET
Trady,Yildiz,,,HG BORDO,high gloss,18,2800x1220x18 mm,371.07,108.63,,produs,trady-panouri-yildiz,PER_SHEET
Trady,Yildiz,,,HG ALB,high gloss,18,2800x1220x18 mm,371.07,108.63,,produs,trady-panouri-yildiz,PER_SHEET
Trady,Yildiz,,,MAT LAVA (GRI),mat,18,2800x1220x18 mm,371.07,108.63,,produs,trady-panouri-yildiz,PER_SHEET
Trady,Yildiz,,,HG ANTRACIT GRI,high gloss,18,2800x1220x18 mm,371.07,108.63,,produs,trady-panouri-yildiz,PER_SHEET
Trady,Yildiz,,,FUME MAT,mat,18,2800x1220x18 mm,371.07,108.63,,produs,trady-panouri-yildiz,PER_SHEET
Trady,Kastamonu,A662PS76,A662PS76,REMBRANDT,,,,685.47,,,produs,trady-pal-kastamonu,PER_SHEET
Trady,Kastamonu,A660PS76,A660PS76,RUBENS,,,,685.47,,,produs,trady-pal-kastamonu,PER_SHEET
Trady,Kastamonu,A656PS76,A656PS76,MONET,,,,685.47,,,produs,trady-pal-kastamonu,PER_SHEET
Trady,Kastamonu,A680PS37,A680PS37,NUC ALTURA,,,,447.42,,,produs,trady-pal-kastamonu,PER_SHEET
Trady,Kastamonu,A679PS70,A679PS70,STEJ PORTOFINO,,,,447.42,,,produs,trady-pal-kastamonu,PER_SHEET
Trady,Kastamonu,A677PS37,A677PS37,STEJAR MALMO,,,,453.65,,,produs,trady-pal-kastamonu,PER_SHEET
Trady,Kastamonu,A676PS70,A676PS70,STEJAR BRISTOL,,,,447.42,,,produs,trady-pal-kastamonu,PER_SHEET
Trady,Kastamonu,A675PS37,A675PS37,STEJAR HAMPTON,,,,447.42,,,produs,trady-pal-kastamonu,PER_SHEET
Trady,Kastamonu,A674PS37,A674PS37,STEJAR MAJESTIC,,,,447.42,,,produs,trady-pal-kastamonu,PER_SHEET
Trady,Kastamonu,A673PS70,A673PS70,ULM KYOTO,,,,447.42,,,produs,trady-pal-kastamonu,PER_SHEET
Trady,Kastamonu,A672PS70,A672PS70,STEJAR RIGA,,,,447.42,,,produs,trady-pal-kastamonu,PER_SHEET
Trady,Kastamonu,A671PS37,A671PS37,ST HARRINGTON,,,,447.42,,,produs,trady-pal-kastamonu,PER_SHEET
Trady,Kastamonu,A669PS37,A669PS37,NUC TRAMONTI,,,,447.42,,,produs,trady-pal-kastamonu,PER_SHEET
Trady,Kastamonu,A668PS37,A668PS37,STEJAR FRESNO,,,,447.42,,,produs,trady-pal-kastamonu,PER_SHEET
Trady,Kastamonu,D253PS30,D253PS30,TAUPE,,,,467.36,,,produs,trady-pal-kastamonu,PER_SHEET
Trady,Kastamonu,A667PS70,A667PS70,CASTAN MONTELO,,,,447.42,,,produs,trady-pal-kastamonu,PER_SHEET
Trady,Kastamonu,A445PS60,A445PS60,MERCURY MGM,,,,453.65,,,produs,trady-pal-kastamonu,PER_SHEET
Trady,Kastamonu,A929PS37,A929PS37,ARTISAN RIFLAT,riflat,,,453.75,,,produs,trady-pal-kastamonu,PER_SHEET
Trady,Kastamonu,D232PS30,D232PS30,JUPITER,,,,467.36,,,produs,trady-pal-kastamonu,PER_SHEET
Trady,Kastamonu,A921PS70,A921PS70,STEJAR GONZAGA,,,,447.44,,,produs,trady-pal-kastamonu,PER_SHEET
Trady,Kastamonu,F331PS30,F331PS30,BRONZ,,,,503.51,,,produs,trady-pal-kastamonu,PER_SHEET
Trady,Kastamonu,F320PS30,F320PS30,TEXTIL GRI,,,,503.51,,,produs,trady-pal-kastamonu,PER_SHEET
Trady,Kastamonu,F310PS30,F310PS30,MARMURA CALACAT,,,,474.84,,,produs,trady-pal-kastamonu,PER_SHEET
Trady,Kastamonu,F107PS30,F107PS30,GRAFFITI,,,,474.84,,,produs,trady-pal-kastamonu,PER_SHEET
Trady,Kastamonu,F089PS30,F089PS30,PALAZZO,,,,503.51,,,produs,trady-pal-kastamonu,PER_SHEET
Trady,Kastamonu,D273PS30,D273PS30,GALBEN MUSTAR,,,,467.36,,,produs,trady-pal-kastamonu,PER_SHEET
Trady,Kastamonu,D259PS30,D259PS30,VERDE CENUSIU,,,,472.93,,,produs,trady-pal-kastamonu,PER_SHEET
Trady,Kastamonu,D255PS30,D255PS30,GRI PELSO,,,,467.36,,,produs,trady-pal-kastamonu,PER_SHEET
Trady,Kastamonu,D246PS30,D246PS30,SAFARI,,,,472.93,,,produs,trady-pal-kastamonu,PER_SHEET
Trady,Kastamonu,D240PS30,D240PS30,GRI GRAFIT,,,,467.36,,,produs,trady-pal-kastamonu,PER_SHEET
Trady,Kastamonu,D230PS30,D230PS30,ALBASTRU PACIFIC,,,,467.36,,,produs,trady-pal-kastamonu,PER_SHEET
Trady,Kastamonu,D218PS30,D218PS30,KASMIR E1,,,,467.36,,,produs,trady-pal-kastamonu,PER_SHEET
Trady,Kastamonu,D216PS30,D216PS30,LATTE,,,,467.36,,,produs,trady-pal-kastamonu,PER_SHEET
Trady,Kastamonu,A903PS60,A903PS60,PEREIRA,,,,453.76,,,produs,trady-pal-kastamonu,PER_SHEET
Trady,Kastamonu,A686PS60,A686PS60,CIRES YOSHINO,,,,447.42,,,produs,trady-pal-kastamonu,PER_SHEET
Trady,Kastamonu,A685PS37,A685PS37,ST MARIENBURG,,,,,,,produs,trady-pal-kastamonu,PER_SHEET
Trady,Kastamonu,A684PS70,A684PS70,STEJAR LAGOA,,,,447.42,,,produs,trady-pal-kastamonu,PER_SHEET
Trady,Kastamonu,A683PS70,A683PS70,STEJAR ALPINA,,,,447.42,,,produs,trady-pal-kastamonu,PER_SHEET
Trady,Kastamonu,A681PS19,A681PS19,LINEA,,,,447.42,,,produs,trady-pal-kastamonu,PER_SHEET
Trady,Kastamonu,PKCL-D133,PKCLD133,GALBEN D133 (panou compact),2 fete,12,2440x2100x12 mm,859.64,167.77,,produs,trady-pal-kastamonu,PER_SHEET
Trady,Kastamonu,PKCL-D107,PKCLD107,NEGRU D107 (panou compact),2 fete,12,2440x2100x12 mm,859.64,167.77,,produs,trady-pal-kastamonu,PER_SHEET
Trady,Kastamonu,PKCL-D143,PKCLD143,ANTRACIT D143 (panou compact),2 fete,12,2440x2100x12 mm,859.64,167.77,,produs,trady-pal-kastamonu,PER_SHEET
Trady,Kastamonu,PKCL-D123,PKCLD123,GRI DESCHIS D123 (panou compact),2 fete,12,2440x2100x12 mm,859.64,167.77,,produs,trady-pal-kastamonu,PER_SHEET
Trady,Kastamonu,PKCL-F304,PKCLF304,CALCUTTA F304 (panou compact),2 fete,12,2440x2100x12 mm,859.64,167.77,,produs,trady-pal-kastamonu,PER_SHEET
Trady,Kastamonu,F236PS30,F236PS30,COTTON,,,,503.46,,,produs,trady-pal-kastamonu,PER_SHEET
Trady,Kastamonu,F284PS42,F284PS42,OXIDE STEEL,,,,473.81,,,produs,trady-pal-kastamonu,PER_SHEET
Trady,Kastamonu,F287PS42,F287PS42,CORTEN,,,,421.69,,,produs,trady-pal-kastamonu,PER_SHEET
Trady,Kastamonu,D223PS30,D223PS30,ALB ATLAS,,,,394.36,,,produs,trady-pal-kastamonu,PER_SHEET
Trady,Kastamonu,D196PS30,D196PS30,ANEMON,,,,466.78,,,produs,trady-pal-kastamonu,PER_SHEET
Trady,Kastamonu,D221PS42,D221PS42,STRAWBERRY,,,,466.51,,,produs,trady-pal-kastamonu,PER_SHEET
Trady,Kastamonu,A587PS29,A587PS29,TIVEDEN,,,,447.72,,,produs,trady-pal-kastamonu,PER_SHEET
Trady,Kastamonu,A525PS29,A525PS29,STEJAR WOTAN,,,,447.72,,,produs,trady-pal-kastamonu,PER_SHEET
Trady,Kastamonu,A588PS29,A588PS29,TIVEDEN MARO,,,,447.72,,,produs,trady-pal-kastamonu,PER_SHEET
Trady,Kastamonu,A880PS29,A880PS29,NUC STELVIO,,,,447.23,,,produs,trady-pal-kastamonu,PER_SHEET
Trady,Kastamonu,A879PS19,A879PS19,STEJAR ROSSINI,,,,419.37,,,produs,trady-pal-kastamonu,PER_SHEET
Trady,Kastamonu,A572PS19,A572PS19,BENGALA,,,,447.72,,,produs,trady-pal-kastamonu,PER_SHEET
Trady,Kastamonu,A891PS19,A891PS19,STEJAR CLASIC,,,,418.76,,,produs,trady-pal-kastamonu,PER_SHEET
Trady,Kastamonu,A835PS11,A835PS11,PAR SALBATIC,,,,447.42,,,produs,trady-pal-kastamonu,PER_SHEET
Trady,Kastamonu,A819PS17,A819PS17,STEJAR,,,,418.76,,,produs,trady-pal-kastamonu,PER_SHEET
Trady,Kastamonu,A379PS11,A379PS11,BAMBUS,,,,447.72,,,produs,trady-pal-kastamonu,PER_SHEET
Trady,Kastamonu,D300PS14,D300PS14,GRI ALB,,,,467.36,,,produs,trady-pal-kastamonu,PER_SHEET
Trady,Kastamonu,D102PS30,D102PS30,BEJ,,,,419.14,,,produs,trady-pal-kastamonu,PER_SHEET
Trady,Kastamonu,A817PS11,A817PS11,WENGHE,,,,447.42,,,produs,trady-pal-kastamonu,PER_SHEET
Trady,Kastamonu,A800PS17,A800PS17,CIRES,,,,419.46,,,produs,trady-pal-kastamonu,PER_SHEET
Trady,Kastamonu,D171PS30,D171PS30,JADE,,,,466.51,,,produs,trady-pal-kastamonu,PER_SHEET
Trady,Kastamonu,D152PS10-16,D152PS1016,ALB NETED (16mm),,16,,363.49,,,produs,trady-pal-kastamonu,PER_SHEET
Trady,Kastamonu,A458PS29,A458PS29,STEJAR CHARLESTON,,,,419.37,,,produs,trady-pal-kastamonu,PER_SHEET
Trady,Kastamonu,D143PS14,D143PS14,ANTRACIT,,,,419.37,,,produs,trady-pal-kastamonu,PER_SHEET
Trady,Kastamonu,A832PS17,A832PS17,MAHON,,,,447.23,,,produs,trady-pal-kastamonu,PER_SHEET
Trady,Kastamonu,D118PS14,D118PS14,VANILIE,,,,419.14,,,produs,trady-pal-kastamonu,PER_SHEET
Trady,Kastamonu,D126PS14,D126PS14,CAPUCINO,,,,419.14,,,produs,trady-pal-kastamonu,PER_SHEET
Trady,Kastamonu,A811PS11,A811PS11,NUC AIDA,,,,447.23,,,produs,trady-pal-kastamonu,PER_SHEET
Trady,Kastamonu,A803PS17,A803PS17,ARIN,,,,419.46,,,produs,trady-pal-kastamonu,PER_SHEET
Trady,Kastamonu,D125PS11,D125PS11,ROZ PASTEL,,,,419.14,,,produs,trady-pal-kastamonu,PER_SHEET
Trady,Kastamonu,D152PS10,D152PS10,ALB NETED,,,,363.49,,,produs,trady-pal-kastamonu,PER_SHEET
Trady,Kastamonu,A809PS11,A809PS11,SALCAM DESCHIS,,,,419.14,,,produs,trady-pal-kastamonu,PER_SHEET
Trady,Kastamonu,A428PS19,A428PS19,PIN ANTICHIZAT,,,,419.37,,,produs,trady-pal-kastamonu,PER_SHEET
Trady,Kastamonu,A806PS11,A806PS11,STEJAR DESCHIS,,,,419.46,,,produs,trady-pal-kastamonu,PER_SHEET
Trady,Kastamonu,F239PS11,F239PS11,TENDINTA BEJ,,,,451.82,,,produs,trady-pal-kastamonu,PER_SHEET
Trady,Kastamonu,A838PS19,A838PS19,NERO,,,,419.14,,,produs,trady-pal-kastamonu,PER_SHEET
Trady,Kastamonu,A354PS19,A354PS19,BOSFOR,,,,419.14,,,produs,trady-pal-kastamonu,PER_SHEET
Trady,Kastamonu,D104PS30,D104PS30,FILDES,,,,467.36,,,produs,trady-pal-kastamonu,PER_SHEET
Trady,Kastamonu,A840PS11,A840PS11,STEJAR MAGIA,,,,447.42,,,produs,trady-pal-kastamonu,PER_SHEET
Trady,Kastamonu,A822PS11,A822PS11,NUC ADRIA,,,,447.23,,,produs,trady-pal-kastamonu,PER_SHEET
Trady,Kastamonu,D304PS30,D304PS30,VERDE FISTIC,,,,466.51,,,produs,trady-pal-kastamonu,PER_SHEET
Trady,Kastamonu,A820PS19,A820PS19,STEJAR RIFT,,,,447.23,,,produs,trady-pal-kastamonu,PER_SHEET
Trady,Kastamonu,D302PS30,D302PS30,CREM,,,,466.51,,,produs,trady-pal-kastamonu,PER_SHEET
Trady,Kastamonu,D181PS30,D181PS30,AZURIT,,,,467.36,,,produs,trady-pal-kastamonu,PER_SHEET
Trady,Kastamonu,A825PS17,A825PS17,NUC CARME,,,,447.23,,,produs,trady-pal-kastamonu,PER_SHEET
Trady,Kastamonu,A869PS29,A869PS29,NUC VIRGINIA DESCHIS,,,,454.03,,,produs,trady-pal-kastamonu,PER_SHEET
Trady,Kastamonu,A475PS29,A475PS29,STEJAR CADIZ,,,,454.03,,,produs,trady-pal-kastamonu,PER_SHEET
Trady,Kastamonu,A506PS19,A506PS19,STEJAR PETRA,,,,418.76,,,produs,trady-pal-kastamonu,PER_SHEET
Trady,Kastamonu,A480PS29,A480PS29,CAPRI,,,,447.72,,,produs,trady-pal-kastamonu,PER_SHEET
Trady,Kastamonu,A418PS11,A418PS11,SAFIR DESCHIS,,,,453.76,,,produs,trady-pal-kastamonu,PER_SHEET
Trady,Kastamonu,A433PS11,A433PS11,EVORA,,,,447.72,,,produs,trady-pal-kastamonu,PER_SHEET
Trady,Kastamonu,D165PS11,D165PS11,BAZALT,,,,419.37,,,produs,trady-pal-kastamonu,PER_SHEET
Trady,Kastamonu,A833PS17,A833PS17,STEJAR GRANDE,,,,447.42,,,produs,trady-pal-kastamonu,PER_SHEET
Trady,Kastamonu,A804PS17,A804PS17,STEJAR SONOMA,,,,419.37,,,produs,trady-pal-kastamonu,PER_SHEET
Trady,Kastamonu,A801PS11,A801PS11,CIRES OXFORD,,,,419.46,,,produs,trady-pal-kastamonu,PER_SHEET
Trady,Kastamonu,D129PS10-16,D129PS1016,ALB FRONT NETED (16mm),,16,,386.74,,,produs,trady-pal-kastamonu,PER_SHEET
Trady,Kastamonu,A415PS19,A415PS19,BIANCO,,,,391.34,,,produs,trady-pal-kastamonu,PER_SHEET
Trady,Kastamonu,A845PS13,A845PS13,ULM,,,,447.23,,,produs,trady-pal-kastamonu,PER_SHEET
Trady,Kastamonu,D190PS30,D190PS30,AMBER,,,,467.36,,,produs,trady-pal-kastamonu,PER_SHEET
Trady,Kastamonu,A419PS11,A419PS11,SAFIR INCHIS,,,,453.76,,,produs,trady-pal-kastamonu,PER_SHEET
Trady,Kastamonu,A414PS19,A414PS19,STEJAR ANTRACIT,,,,419.37,,,produs,trady-pal-kastamonu,PER_SHEET
Trady,Kastamonu,A865PS19,A865PS19,STEJAR SHERWOOD,,,,419.37,,,produs,trady-pal-kastamonu,PER_SHEET
Trady,Kastamonu,D152PS14,D152PS14,ALB PERLAT,,,,363.49,,,produs,trady-pal-kastamonu,PER_SHEET
Trady,Kastamonu,A843PS13,A843PS13,LARICE DESCHIS,,,,447.23,,,produs,trady-pal-kastamonu,PER_SHEET
Trady,Kastamonu,D164PS11,D164PS11,LUNA,,,,419.37,,,produs,trady-pal-kastamonu,PER_SHEET
Trady,Kastamonu,A860PS13,A860PS13,STEJAR KORONA,,,,447.72,,,produs,trady-pal-kastamonu,PER_SHEET
Trady,Kastamonu,A827PS11,A827PS11,MESTEACAN,,,,447.23,,,produs,trady-pal-kastamonu,PER_SHEET
Trady,Kastamonu,D129PS10,D129PS10,ALB FRONT NETED,,,,394.36,,,produs,trady-pal-kastamonu,PER_SHEET
Trady,Kastamonu,A847PS19,A847PS19,STEJAR CANION,,,,419.14,,,produs,trady-pal-kastamonu,PER_SHEET
Trady,Kastamonu,A373PS11,A373PS11,NUC LATIN,,,,447.72,,,produs,trady-pal-kastamonu,PER_SHEET
Trady,Kastamonu,A866PS19,A866PS19,STEJAR SONOMA INCHIS,,,,391.52,,,produs,trady-pal-kastamonu,PER_SHEET
Trady,Kastamonu,A396PS19,A396PS19,CARMEN,,,,391.34,,,produs,trady-pal-kastamonu,PER_SHEET
Trady,Kastamonu,A440PS29,A440PS29,STEJAR ALABAMA,,,,419.37,,,produs,trady-pal-kastamonu,PER_SHEET
Trady,Kastamonu,A807PS11,A807PS11,PRUN,,,,419.37,,,produs,trady-pal-kastamonu,PER_SHEET
Trady,Kastamonu,D117PS11,D117PS11,ROSU,,,,472.35,,,produs,trady-pal-kastamonu,PER_SHEET
Trady,Kastamonu,D303PS13,D303PS13,ALBASTRU PARADIS,,,,466.78,,,produs,trady-pal-kastamonu,PER_SHEET
Trady,Kastamonu,A411PS19,A411PS19,SAKARYA,,,,419.37,,,produs,trady-pal-kastamonu,PER_SHEET
Trady,Kastamonu,A846PS11,A846PS11,FAG CORVARA,,,,447.23,,,produs,trady-pal-kastamonu,PER_SHEET
Trady,Kastamonu,A427PS29,A427PS29,STEJAR BAROC,,,,447.72,,,produs,trady-pal-kastamonu,PER_SHEET
Trady,Kastamonu,A859PS13,A859PS13,FAG VICTORIA,,,,447.72,,,produs,trady-pal-kastamonu,PER_SHEET
Trady,Kastamonu,A357PS19,A357PS19,BRAD DESCHIS,,,,419.14,,,produs,trady-pal-kastamonu,PER_SHEET
Trady,Kastamonu,D202PS30,D202PS30,PESTO,,,,466.78,,,produs,trady-pal-kastamonu,PER_SHEET
Trady,Kastamonu,D166PS11,D166PS11,KUBA,,,,472.93,,,produs,trady-pal-kastamonu,PER_SHEET
Trady,Kastamonu,D107PS14,D107PS14,NEGRU,,,,419.37,,,produs,trady-pal-kastamonu,PER_SHEET
Trady,Kastamonu,A316PS11,A316PS11,WENGHE NAIROBI,,,,391.34,,,produs,trady-pal-kastamonu,PER_SHEET
Trady,Kastamonu,A871PS29,A871PS29,VIRGINIA BRUN,,,,454.03,,,produs,trady-pal-kastamonu,PER_SHEET
Trady,Kastamonu,D123PS14,D123PS14,GRI DESCHIS,,,,419.14,,,produs,trady-pal-kastamonu,PER_SHEET
Trady,Kastamonu,A802PS17,A802PS17,FAG DESCHIS,,,,418.93,,,produs,trady-pal-kastamonu,PER_SHEET
Trady,Kastamonu,A829PS19,A829PS19,STEJAR PERRIER DESCHIS,,,,419.37,,,produs,trady-pal-kastamonu,PER_SHEET
Trady,Kastamonu,A319PS17,A319PS17,PALTIN,,,,447.23,,,produs,trady-pal-kastamonu,PER_SHEET
Trady,Kastamonu,D108PS11,D108PS11,ALBASTRU,,,,467.36,,,produs,trady-pal-kastamonu,PER_SHEET
Trady,Kastamonu,A821PS17,A821PS17,GORUN,,,,447.23,,,produs,trady-pal-kastamonu,PER_SHEET
Trady,Kastamonu,A836PS11,A836PS11,FAG CAFE,,,,419.14,,,produs,trady-pal-kastamonu,PER_SHEET
Trady,Kastamonu,A439PS11,A439PS11,IBIZA,,,,418.76,,,produs,trady-pal-kastamonu,PER_SHEET
Trady,Kastamonu,D192PS30,D192PS30,GINGER,,,,472.55,,,produs,trady-pal-kastamonu,PER_SHEET
Trady,Kastamonu,D158PS11,D158PS11,GALAXY,,,,466.78,,,produs,trady-pal-kastamonu,PER_SHEET
Trady,Kastamonu,A842PS19,A842PS19,STEJAR SONOMA DESCHIS,,,,390.98,,,produs,trady-pal-kastamonu,PER_SHEET
Trady,Kastamonu,D169PS10,D169PS10,ALB NETED CALCAR,,,,326.63,,,produs,trady-pal-kastamonu,PER_SHEET
Trady,Kastamonu,A423PS13,A423PS13,SAN REMO,,,,447.23,,,produs,trady-pal-kastamonu,PER_SHEET
Trady,Kastamonu,D169PS14,D169PS14,ALB PERLAT CALCAR,,,,326.63,,,produs,trady-pal-kastamonu,PER_SHEET
Trady,Kastamonu,D129PS14,D129PS14,ALB FRONT PERLAT,,,,394.36,,,produs,trady-pal-kastamonu,PER_SHEET
Trady,Kastamonu,A831PS17,A831PS17,STEJAR CANTORY,,,,447.23,,,produs,trady-pal-kastamonu,PER_SHEET
Trady,Kastamonu,A824PS19,A824PS19,STEJAR RUSTIC,,,,447.23,,,produs,trady-pal-kastamonu,PER_SHEET
Trady,Kastamonu,A395PS19,A395PS19,CORDOBA,,,,418.76,,,produs,trady-pal-kastamonu,PER_SHEET
Trady,Kastamonu,D145PS14,D145PS14,BRONZ,,,,472.93,,,produs,trady-pal-kastamonu,PER_SHEET
Trady,Kastamonu,A818PS17,A818PS17,FAG,,,,419.37,,,produs,trady-pal-kastamonu,PER_SHEET
Trady,Kastamonu,A839PS19,A839PS19,LARICE CREM,,,,419.14,,,produs,trady-pal-kastamonu,PER_SHEET
Trady,Kastamonu,A474PS19,A474PS19,SOHO,,,,418.76,,,produs,trady-pal-kastamonu,PER_SHEET
Trady,Kastamonu,D133PS11,D133PS11,GALBEN,,,,472.93,,,produs,trady-pal-kastamonu,PER_SHEET
Trady,Kastamonu,A429PS13,A429PS13,ETNA,,,,447.23,,,produs,trady-pal-kastamonu,PER_SHEET
Trady,Kastamonu,D134PS11,D134PS11,VERDE PASTEL,,,,466.78,,,produs,trady-pal-kastamonu,PER_SHEET
Trady,Kastamonu,D122PS14,D122PS14,SAMPANIE,,,,419.14,,,produs,trady-pal-kastamonu,PER_SHEET
Trady,Kastamonu,D116PS14,D116PS14,GRI METALIC,,,,472.93,,,produs,trady-pal-kastamonu,PER_SHEET
